Feature_Set,R2,MAE,MSE,Spearman
All Features,0.7178099937595904,0.38510222207919803,0.36038654545837845,0.8067870566907882
