Feature_Set,R2,MAE,MSE,Spearman
All Features,0.7162539497545821,0.387409192882257,0.3623737785677906,0.8046052862402027
